Density,Kruskal,Prim
0.2,5.225e-05,0.000167667
10.2,0.000966833,0.00106083
20.2,0.00211713,0.00193133
30.2,0.00373429,0.00295033
40.2,0.00592879,0.00439496
50.2,0.00853096,0.00597987
60.2,0.0114573,0.00774596
70.2,0.0149639,0.0101838
80.2,0.0191014,0.0117675
90.2,0.0236402,0.0143737
