Nodes,Kruskal,Prim
100,0.000208667,0.000564666
200,0.000313208,0.000757375
300,0.000610542,0.00142012
400,0.000927958,0.0019985
500,0.00183337,0.00261833
600,0.0018365,0.00315208
700,0.00256175,0.00354863
800,0.003289,0.00432208
900,0.00393079,0.00495221
1000,0.00517579,0.00611879
